id;date;name;link
1;2020-02-06T20:53:29;Fantastic Concrete Keyboard;HTTP
2;2020-02-07T08:30:42;Credit Card Account;Naira
3;2020-02-07T14:42:55;e-commerce Port Mississippi;Associate markets
4;2020-02-07T07:29:54;SAS;Future Comoros
5;2020-02-07T11:01:28;Designer efficient Creek;Total
6;2020-02-07T11:34:21;invoice XML;capacitor Kenyan Shilling
7;2020-02-07T11:59:43;hacking Industrial Toys;Human
8;2020-02-06T17:23:32;yellow input Music;Personal Loan Account local area network
9;2020-02-06T19:43:55;Lead Stand-alone;calculate definition Metal
10;2020-02-07T01:53:40;SMS firmware;bluetooth feed
