id;data;data_content_type;link
1;../fake-data/blob/hipster.png;image/png;architect Incredible Steel Shoes Cambridgeshire
2;../fake-data/blob/hipster.png;image/png;Avon Ergonomic Wooden Car grow
3;../fake-data/blob/hipster.png;image/png;Jewelery bandwidth-monitored payment
4;../fake-data/blob/hipster.png;image/png;HDD
5;../fake-data/blob/hipster.png;image/png;mobile open-source
6;../fake-data/blob/hipster.png;image/png;multi-byte
7;../fake-data/blob/hipster.png;image/png;Wooden Incredible Frozen Bacon
8;../fake-data/blob/hipster.png;image/png;Checking Account
9;../fake-data/blob/hipster.png;image/png;Tuna
10;../fake-data/blob/hipster.png;image/png;Agent Multi-tiered
