id;picture;picture_content_type;link;title;description
1;../fake-data/blob/hipster.png;image/png;invoice Convertible Marks;circuit Health Product;calculate
2;../fake-data/blob/hipster.png;image/png;Delaware syndicate;sky blue;Corporate Tuna
3;../fake-data/blob/hipster.png;image/png;Direct Dynamic;access Philippine Peso;Cambridgeshire Operations Cambridgeshire
4;../fake-data/blob/hipster.png;image/png;heuristic;Chief Cambridgeshire plum;Granite Berkshire Steel
5;../fake-data/blob/hipster.png;image/png;bandwidth;Coordinator;Cambridgeshire
6;../fake-data/blob/hipster.png;image/png;generating;yellow quantifying;Practical
7;../fake-data/blob/hipster.png;image/png;Multi-channelled Intelligent Bedfordshire;Car calculating 3rd generation;Music leverage
8;../fake-data/blob/hipster.png;image/png;navigating deposit;Outdoors Bulgarian Lev;Personal Loan Account harness
9;../fake-data/blob/hipster.png;image/png;EXE Mongolia Points;mobile Versatile;Sports Malawi New Mexico
10;../fake-data/blob/hipster.png;image/png;utilize;optimizing Engineer payment;invoice
