id;logo;logo_content_type;name;link
1;../fake-data/blob/hipster.png;image/png;program copying;Tuvalu Borders cyan
2;../fake-data/blob/hipster.png;image/png;Tasty Concrete Soap Engineer;Buckinghamshire
3;../fake-data/blob/hipster.png;image/png;auxiliary;distributed cyan Administrator
4;../fake-data/blob/hipster.png;image/png;Gorgeous compressing CFA Franc BCEAO;hacking
5;../fake-data/blob/hipster.png;image/png;Borders sexy;Track Decentralized
6;../fake-data/blob/hipster.png;image/png;alarm;leading edge sky blue
7;../fake-data/blob/hipster.png;image/png;Director;Handcrafted Architect
8;../fake-data/blob/hipster.png;image/png;Fantastic extend;Exclusive Sausages
9;../fake-data/blob/hipster.png;image/png;Indonesia;Concrete
10;../fake-data/blob/hipster.png;image/png;Cambridgeshire Tools grow;Metal Customizable solutions
